1479697250,uaABX31
9229708546,YlHnnjG40
4201999310,QkQVVRkt64
0000971327,YlHnnjG40
0723766482,fuefHzJ93
2289868901,jPAcUsxw56
7100045841,SflpP67
6205147325,YlHnnjG40
0635393092,qltTOpb95
5513080432,uRBrnUsIu8
7277611510,wtiaXUTgO22
3870817535,JBGZAiBE97
7390886493,nlCacOAy28
5565472698,UGnvdLoSJ20
3009374235,GGIrIOv66
1151374833,mxcIAbD72
7893676193,oOKAP11
9794924640,LQCDp13
8457178863,VVEaZPJMw77
9216742494,LeJVSM96
9517184631,DOgye73
1115169622,bAOMWiFGH6
0211041928,xKzxhw10
5952734049,uRBrnUsIu8
8944263435,QkQVVRkt64
5833194664,NcjIV35
4922336490,prmAqQs41
5399753784,dyPML86
1596548156,lkcSYgD4
3830650445,rrmqrM2
5826184460,uRBrnUsIu8
8738546795,Hzxdsi29
0408515499,JBGZAiBE97
8074340624,mUWmoeQ0
8042185160,voafz79
7557998743,UGnvdLoSJ20
4110088699,XsxbTk69
3420038529,fuefHzJ93
8089883079,loKMUM15
9171682404,cIKEVnW76
3701670252,SflpP67
5961789042,ODyEh74
3966319236,BYXXHwFpM84
6820507416,QkaUt38
8799619435,ncQfTdP68
9364264441,TZfvxlPji49
5174526923,QQzYgU53
8053830449,RrjVx62
0386582370,tDmgwgJLN23
3871993141,GGIrIOv66
0048009789,ZplXMS54
3771911293,ncQfTdP68
4971763606,lkcSYgD4
3937256727,NcjIV35
7395118186,RrjVx62
6642331825,gNnXR99
3657519685,OCTEwboA30
0539826468,ghsDr87
6609897727,lkWrOCuW94
3904054511,prmAqQs41
3560947510,ibnzlgc45
5237657757,HhqAKiCtY55
0044402759,BvJlgZPO85
1715205092,LeJVSM96
8376327316,LzzaH57
2148096612,XsxbTk69
8617886599,GGIrIOv66
6475847570,vlHhoYt44
3512290148,GGIrIOv66
2179947637,HhqAKiCtY55
8611808555,UGnvdLoSJ20
4139606335,vlHhoYt44
0495926474,iktrv61
3198722120,SzaeRNziA91
3820294317,hENnLB51
7626520712,ZzmZwSjgK33
3494403413,JBGZAiBE97
0562024974,GGIrIOv66
4718730815,MusxbYMC16
3431308459,qltTOpb95
3135635203,UGnvdLoSJ20
6566582197,haLIVnS81
7627646339,bAOMWiFGH6
6573026003,qQiKv12
2968735228,haLIVnS81
6149391017,wtiaXUTgO22
4983752864,jUTOw78
6998060420,BvJlgZPO85
9553348762,rrmqrM2
8783579036,mUWmoeQ0
0611278645,QKMDW26
3502652852,LQCDp13
1501827858,fuefHzJ93
7347261625,MusxbYMC16
6175583716,VVEaZPJMw77
7237349607,prmAqQs41
5007991210,DOgye73
1423912221,RahtnkZ34
1611508438,hGQrQDj24
0362233656,RgwFIG14
