NZoKmTZIkvsE,39360.64
HUhOEBfdflouTSL,84625.69
iwOHtzSLGW,34611.684
MJwZeKcWrl,65606.305
qrqjLTSXxBKnuu,80256.64
lCGhjUeEtSZG,80192.8
VDHYlLGmvUuGLWi,19635.021
YRGQiItigPYdMq,72574.78
EVLfwAMmanluSvq,24465.09
PYAIPAccwnsqmC,10661.807
FqCNoGwuDDNGlYRFUJ,13180.871
njraQxgpajuymknlvIe,45168.73
ptFZKmoBsQFCgByb,87485.734
MUuIPlxMsi,5435.463
sUPKQXEcNFILAxpxxsd,56997.81
RZGQmSmUCIYxVjLf,1786.2979
UQDhAawhMgCTUQk,12100.595
PKYaWSPfNoLDLg,97773.24
WyLzzJKKTFfysjnWx,72988.1
hEtvEdRlzBog,96978.85
hfsQubJceFuJgg,4964.0996
JOUqUdOyLEnqsFjtX,60344.77
gjuNSCFBKsEyJbhqEms,26521.553
FoUYgWyczOzNWBN,53788.79
TdZrkhtkORxVdaSBOt,55027.9
mRrlTsmNvpK,62693.44
sBNalGDvRT,8756.765
ifPATQFVzhhfTtNS,78324.94
ArspUGODUi,45154.434
urVWuMAsqICZYNMB,93741.836
dmOUnGLfAnhU,71653.14
suMeZflgAs,15048.398
tXdwFzNLyEhtqE,12056.0205
TwYMLcLbmNkM,45125.09
VisPJmuxMiffQQLV,22853.752
JYTRmXYhMXvNbNZEOal,56334.883
TzcrEwrzFN,96996.72
bKCQVfjKtVW,35907.406
uzLKqhpFnzdc,27381.186
JAAuCZakzJIL,85328.54
nmSzZHBGHhoSYTDnH,68753.53
jwfJIdAmXuV,70758.68
DeruadMpsBb,81691.79
WYFuJCVGpdsVAnpRg,32343.332
BDrzatKIdSq,93396.53
CcshzXNYssxfcYd,58002.62
linnzMXDNZMqAr,20532.373
zyYRTpclyu,24943.564
rFzfYeadFKUw,5365.983
cjOQzcWjhRw,20716.232
GfNaGMOkOjdIwQ,74003.36
bywvtzXnQeVloQ,83690.62
rSdhYvKRwVowJ,61362.64
gQVhhwWYkVPZ,81474.31
COYsksNNqbnx,37061.074
TINuxnBeoUHwSyuFNk,73047.49
UihiryNZVm,94054.805
wVkbGZEdtX,77498.02
VELfkXcZHdjYbIbd,90983.08
MOdxgYvzMLEPnDRdBza,13932.63
OLQSejrJbsbTTuD,6419.5454
fhDMFPJJmjzBfM,81022.664
LugbnzjBhz,72116.73
RKrgjKEUMbRtFpYZqd,25540.992
tDofkzVjTrW,72851.82
ZeUOQtEJjBnowcnfejK,23075.613
gUxrcoXTWyjzi,97478.22
sxfBDUeXusPhcMX,68956.484
zWaNlACNYveNZF,6257.9434
IviupakiFgLWW,81708.01
fhFrxbMBCXwuGCfkqw,19299.566
VufHuWyZlXYA,45341.824
PkBkcFgdBZLgThO,27891.307
uDRLzRpHaRsI,20830.688
izGPGLZKXkSq,72474.52
sDzxcMqfyes,85960.75
qQvfGwxKiSBf,82636.766
DnzADGDCwTSt,88334.42
jTnADfhPbmcUZY,23842.648
LcTRrdhDkdnXtzXTP,73267.59
hzsyfjpzEA,53732.67
MaKvzTlKzLSAnTUg,99764.445
LkLhnXrFwnkNTc,57244.297
KEPsvmoxQHyjBjUw,16295.104
pWKajkAjVwanPgVDRy,90224.16
qfGDxpjmwIaSQUAufA,41543.707
jZAEBbVeXVAWUQhgd,72147.77
dnCVhLMvOOOhWivM,7438.247
TKPPHwzRGWSCs,57823.184
FiyIlEZWVVG,88123.11
mzTGIftSzdPJLkPQpi,94716.29
GTOxzniEOmjJp,4498.074
wbQpkapXEzMGhGJjuot,85466.54
KBkzvfxrVLEYEkx,3418.667
cBHclmrXIXrnRY,41374.09
GPOadSXiIin,7530.409
lAUirJkXYibLbxYTD,18771.852
OndFDhWHqLrMiTPD,94562.625
lbctFLdTRXBSwnxQrQa,55070.13
vpqRGEcoGPogYIXlmt,28017.18
