2020-08-18,10:55:55+05:30,Colombia,765678,PmwTdKibyWWvkxEH
2019-10-27,17:27:20+05:30,Russian Federation,765679,oNzWEsLmpGSrbTD
2015-02-27,08:59:10+05:30,Canada,765680,kBGlSFYm
2014-08-08,16:49:35+05:30,Indonesia,765681,orAifwdrTEDamhbSQ
2010-09-28,17:02:39+05:30,Ukraine,765682,izCYUiqx
2011-02-21,06:51:31+05:30,South Africa,765683,ePUrbwEajeRZs
2020-08-08,08:07:45+05:30,United Kingdom,765684,CskgmNZgIlkhR
2012-07-11,05:56:06+05:30,Netherlands,765685,vCkKkGmqvyP
2015-05-13,21:36:23+05:30,Italy,765686,XOoJaUH
2012-03-25,19:33:36+05:30,Poland,765687,vhUxSQvo
2018-09-22,14:33:40+05:30,Poland,765688,AdSLbjCbiXJ
2015-02-16,17:21:39+05:30,Turkey,765689,RKSBfXCcbmkhZyw
2013-01-18,02:27:40+05:30,Brazil,765690,LdnMPabbnWhrTAS
2015-04-25,06:19:11+05:30,South Africa,765691,orSrMCa
2010-02-09,07:26:27+05:30,Austria,765692,mcwELsSq
2012-08-13,00:51:38+05:30,Russian Federation,765693,wyzUGYApzqCLZ
2015-09-04,08:51:29+05:30,Costa Rica,765694,YavyPvXnR
2013-04-01,08:59:02+05:30,Philippines,765695,WLAIfgrvTzNoHptpZ
2013-10-25,22:52:05+05:30,Italy,765696,UQjOUWldiXp
2017-11-07,14:23:25+05:30,Nigeria,765697,rlpYpoTrAzvLnx
2019-09-16,14:14:21+05:30,Brazil,765698,dPpUhau
2012-03-08,19:01:15+05:30,New Zealand,765699,BWeXVEjEulN
2014-04-15,09:42:05+05:30,Poland,765700,blpaCzbnWRjm
2010-05-05,02:04:14+05:30,Costa Rica,765701,VLUxyKXoOdPtfEar
2010-04-12,00:20:15+05:30,Netherlands,765702,nXuQBzzBCY
